location,country_code,gdp_usd,anxiety_percent_female,anxiety_percent_male,bipolar_percent_female,bipolar_percent_male,depress_percent_female,depress_percent_male,suicide_rate_per100k_female,suicide_rate_per100k_male
American Samoa,ASM,15236.1604875571,0.0644932919633268,0.0393673893993737,0.003531852660386,0.0034484884459473,0.0401417114829189,0.030680463682746,5.571611505960772,19.08245579646725
Antigua and Barbuda,ATG,17340.3790692554,0.0868641240849053,0.0492424765643001,0.0133752876333537,0.0117135567767454,0.0577912502716579,0.0300211532122854,0.2515594578181232,2.028624809264988
Argentine Republic,ARG,10738.0179223384,0.1110991177614021,0.0572524647982877,0.0116347075873781,0.0092421159939472,0.0555801126935562,0.0362869950692957,4.953539508439769,21.25544205732086
Australia,AUS,60607.7788605166,0.109349936018337,0.0684486128295615,0.0161821946052972,0.01536955460412,0.0870649512134105,0.0598408785876515,7.524478085998874,25.59808384881059
Barbados,BRB,18696.7858952957,0.0897749314799474,0.0511272668384572,0.0132367330909197,0.0116172539352285,0.0607301161663021,0.0356153461664511,1.165734843239891,6.877231153216021
Belize,BLZ,6122.61158580079,0.0832546962215513,0.0478730497977382,0.0131002309315323,0.0115200388250765,0.0570404080348064,0.0369636678641986,1.612453116833896,11.198743325807914
Bermuda,BMU,112712.025120653,0.0881037533928604,0.0503340208537034,0.0136420943720983,0.0118958063438468,0.060724807666546,0.0358192723010441,0.8573934439211859,4.807645091832745
Bosnia and Herzegovina,BIH,7295.3438240957,0.0730568486315849,0.0405182061468901,0.0073287308195262,0.0066646309558728,0.0564637367767617,0.0308589867963801,2.5957374543515432,13.939782925517298
Brunei Darussalam,BRN,31006.9636220576,0.0553021358190937,0.0315867091901521,0.0081707368716964,0.0067762996001109,0.0320807903941646,0.0208786827382963,1.6905958072292862,7.243557778501455
Burkina Faso,BFA,895.535288442991,0.0455191806884357,0.0361138243460471,0.0063779670097202,0.0062030315314133,0.0581417343213548,0.0415380229107932,3.1060930299591285,11.008238508052113
Canada,CAN,52496.8441693242,0.0903201625229417,0.0539794574218177,0.011651358763137,0.0115390770515724,0.0796446786462692,0.0475354541028319,7.390850022596589,24.970020933371785
Central African Republic,CAF,492.263142830507,0.0610654455898472,0.0459929714759132,0.0068344001239805,0.0065886196403283,0.094085177913769,0.0717178647440765,5.197423189903055,21.867346489330888
Commonwealth of Dominica,DMA,8262.65091316727,0.0879100472670535,0.0499823219698069,0.0131189593169723,0.0115951820861507,0.0575584064344331,0.0340521444641842,0.8873052313401376,6.7224649068268025
Commonwealth of the Bahamas,BHS,28682.3270000732,0.0893913468908926,0.051022107849295,0.0129739972442385,0.0114996374619557,0.0588466395786087,0.0312082663114905,0.7336118865797993,5.571336019309403
Czech Republic,CZE,27696.4619527544,0.0664213329985462,0.0365591470058604,0.0074332301083278,0.0067353105464119,0.056518371788819,0.0344362535006159,3.6264599484097735,17.92409683868471
Democratic Republic of Sao Tome and Principe,STP,2362.58827248102,0.0460983626817818,0.0370654531899538,0.0065181220874648,0.0064016547524844,0.0588798979546451,0.035416129603419,0.5335909695785739,2.159486733198322
Democratic Republic of Timor-Leste,TLS,2684.82704373402,0.0657409620184506,0.0375954127379883,0.0039798898376543,0.0038152276578504,0.0420489254498938,0.0333682485122744,3.6351727641527374,8.366615003421753
Democratic Socialist Republic of Sri Lanka,LKA,3999.33764677637,0.0721769068690185,0.0408127091727163,0.0043454519185119,0.0041578506526968,0.0493971791579422,0.0412352021745791,8.726533176562768,30.31736948211307
Dominican Republic,DOM,8472.47982000992,0.0840257068588403,0.0476608109620588,0.0130467274687078,0.0114821652864235,0.0666749190468669,0.0370057716293687,2.4512813694106934,10.196607574974134
Eastern Republic of Uruguay,URY,17888.211510172,0.1229294249256699,0.0524986362665266,0.0109149895126974,0.0087131392019746,0.0709835293836962,0.0400763510317997,7.92558264325097,39.68483834486567
Federal Democratic Republic of Ethiopia,ETH,910.947840320752,0.0672759381190772,0.0436507949404882,0.0081183784377973,0.0077010804575441,0.0647168512477922,0.0515473095515077,2.981963134648885,9.850379837404686
Federal Democratic Republic of Nepal,NPL,1252.75076731986,0.0589235985621114,0.042688526405137,0.0044021629994415,0.0050287000691851,0.082155171071365,0.055551679946698,11.672333569621356,24.141590738338152
Federal Republic of Germany,DEU,52265.6541620571,0.1234904126093609,0.0617175470517205,0.0130130820051041,0.007947820194299,0.0703770977095294,0.0467708026087892,3.853962200724108,13.77734445696926
Federal Republic of Nigeria,NGA,2017.27486481527,0.0447705262217417,0.0357636348937571,0.0063299127968073,0.0061647436268975,0.0503127431967487,0.0340669615550336,1.4731911827003483,8.20783901717975
Federal Republic of Somalia,SOM,549.114743546859,0.0664741884030154,0.0467706998224789,0.0076367837120032,0.0072331505709807,0.0789662821835853,0.0501709081386933,5.230075403073849,9.56522552172435
Federative Republic of Brazil,BRA,7972.53665048385,0.161349795478635,0.0812274969468078,0.0172543194121651,0.0152154714111429,0.0783419665807543,0.0384200301039982,4.103606869750073,15.596084194901392
Gabonese Republic,GAB,8181.40914134656,0.0643975290806135,0.0490116153891458,0.0069586655700477,0.0067722555424847,0.0921351513033717,0.07567860861682,2.539358572983885,16.408372853732377
Georgia,GEO,5083.60695484577,0.0463121831540577,0.0282716153098259,0.0069231715049289,0.0064334118076786,0.0562758863921696,0.0441538888211292,2.3336027372435586,15.806188178931029
Grand Duchy of Luxembourg,LUX,133711.794435985,0.0990769232534746,0.0570359623998989,0.0131016325857103,0.0099733495473477,0.0659233471401095,0.0412945279362496,3.427566975186965,9.121284660445797
Greenland,GRL,57116.295770722,0.1110177057941332,0.0644721669327376,0.0098936910561101,0.0087463090087136,0.157832939164376,0.0942156295961966,38.74742005786204,111.597957992974
Grenada,GRD,9622.24050459345,0.0870201117551353,0.0496018219830768,0.0131942768831854,0.0117344243403652,0.057722618746343,0.0376746856693836,1.841951677378752,6.901586553498177
Guam,GUM,38074.8793745801,0.0678233363077707,0.0420397498269099,0.0036119810471236,0.0035349803941494,0.0484561666240954,0.0475305021694615,5.63956433098326,46.77688321569645
Hashemite Kingdom of Jordan,JOR,4183.49998326866,0.0987347339810986,0.0557312896447854,0.0115432416370087,0.01017063567059,0.0794417456078321,0.0448357749028175,0.6676822130855342,2.2617691464170484
Hungary,HUN,18755.1023464312,0.0686256651896857,0.0380343456038983,0.0073709638554656,0.0066808342035845,0.0525433621857565,0.033639197816522,5.245832999259164,19.41014265675089
Independent State of Papua New Guinea,PNG,2607.57861884395,0.0616962578468809,0.0377379965095331,0.0035023068396175,0.0034137875576613,0.0444366827886909,0.0373323406295364,2.445768381468249,4.17636399014542
Independent State of Samoa,WSM,3947.64517905415,0.065052279519889,0.0397688249826106,0.0034532648504184,0.0034073595417744,0.0406801495849021,0.0340490411936986,11.04809748972776,29.45920779514044
Ireland,IRL,105561.137468992,0.1240768186413895,0.0702481275332887,0.010242362824561,0.0082284194617562,0.0918083981946301,0.0593144347600001,3.218546636845065,15.168548830973473
Islamic Republic of Afghanistan,AFG,356.496214115892,0.1046586299974245,0.0581905687619079,0.0111796658907244,0.0095578268543125,0.0908745771841265,0.0666412920636043,5.067815866923949,7.178890854397113
Islamic Republic of Iran,IRN,4334.79268631354,0.1332604280428081,0.0800130805244445,0.0121061288620395,0.0109178828179918,0.1015689089942341,0.0609897897254861,3.0943487855454483,9.25031347512161
Islamic Republic of Mauritania,MRT,1947.78918383313,0.0443822429299032,0.0355815526034005,0.0064158060782583,0.0062944414576865,0.0511268963873014,0.0381987967249049,1.9658776007715644,5.25380913487911
Islamic Republic of Pakistan,PAK,1455.31922370186,0.0561604088036016,0.041245717405218,0.0044472297625018,0.0050893144455255,0.0632277275199861,0.0425434134454518,4.990208337505418,13.526714508826569
Jamaica,JAM,5165.33780988607,0.0871158975171303,0.049723711295899,0.0133002847872373,0.0118531536537093,0.0589037228257476,0.0317522980145072,0.455860832045673,2.223581093358534
Japan,JPN,40058.5373276179,0.0501816545361685,0.0336379814485734,0.0080376894234687,0.0066115427689631,0.0444400008394479,0.0340354099686817,9.916876286529623,24.73487915555065
Kingdom of Bahrain,BHR,27147.8083882286,0.1020540093064538,0.0555178613105972,0.0116224900522395,0.0101187371092983,0.0901155524860243,0.0654415488715149,1.8071833489648537,7.331959114286593
Kingdom of Belgium,BEL,51655.7883303715,0.0890347299141943,0.0618635993499755,0.0130449241642879,0.0100358024040658,0.0745754322213324,0.0488804981723712,7.772169280169541,24.27430384569721
Kingdom of Bhutan,BTN,3570.61257915864,0.0484304011359944,0.0366380609426848,0.0044589530109568,0.0051937991172164,0.0563629342319223,0.0419122755714544,3.719873879655833,7.838705416559442
Kingdom of Cambodia,KHM,2167.40324198499,0.0748095731906734,0.042127273078855,0.0042407699589577,0.0041201116856953,0.047259444788058,0.0381283345659499,3.096119862828021,8.082041804960392
Kingdom of Denmark,DNK,69727.9873677012,0.097422859805942,0.0567272655100459,0.0132359193020657,0.0099642430246565,0.0733819077310552,0.0425859054547905,4.071366852197554,11.641580549609555
Kingdom of Eswatini,SWZ,3926.48687364215,0.0748881999620685,0.0566140698229717,0.0069084362821294,0.0068363632345979,0.0856840359176775,0.0651950743830249,8.111096796196886,46.67057589151971
Kingdom of Lesotho,LSO,1066.58645143823,0.0726291953929988,0.0548225626451742,0.0068754679177451,0.0067876330733875,0.1084056607661882,0.073334850784866,11.044781994974535,44.42900441636599
Kingdom of Morocco,MAR,3785.93627929688,0.0998973797910845,0.0567456477673866,0.0112489439616453,0.009981963978775,0.0951337753698788,0.0675463219781565,4.29340208753599,5.336677830217762
Kingdom of Norway,NOR,93072.8925119571,0.1190100359980839,0.0721008746142305,0.0107639061883158,0.0094050369226907,0.0769827830061122,0.0509417808348882,7.458955526530467,18.169485112201187
Kingdom of Saudi Arabia,SAU,28396.0864182336,0.0888610146618348,0.0491310833436296,0.0122622747322022,0.0099492194517776,0.0783966909893587,0.0547763690923566,4.781284422764058,13.30294447855644
Kingdom of Spain,ESP,30817.6828559001,0.1015843407298406,0.0445866396561575,0.0130501408631196,0.0098234196829036,0.1021236299964071,0.0510456798484352,2.9256602212192977,9.851145288990766
Kingdom of Sweden,SWE,61174.9680215622,0.0940682238270775,0.0555307317045855,0.013415560153618,0.0099520043480969,0.0987416163704782,0.0481828713876027,8.102904475532489,16.7035242648129
Kingdom of Thailand,THA,7058.0694998852,0.0606484117389898,0.0347473500426432,0.0044326006569623,0.0042391135573217,0.0461888814229314,0.0346381963457322,4.574178398945371,25.580139800392686
Kingdom of Tonga,TON,4912.57950603175,0.0650253844257353,0.0400931187827186,0.0035175190620875,0.0034128211683817,0.0405352117005744,0.0301122031727738,4.732026312330789,10.134825300182236
Kyrgyz Republic,KGZ,1349.99730650542,0.0401895576213474,0.0249081992762395,0.0067481553984434,0.0063622364286372,0.0575029965702324,0.0423513053496857,4.930969916083346,21.619084029791583
Lao People's Democratic Republic,LAO,2526.05105018529,0.0772493466898186,0.0497034191230963,0.0042987118714328,0.0042936342496518,0.0391588677777671,0.0380518383828011,4.100554934359505,10.471662458800612
Lebanese Republic,LBN,4045.37391066234,0.1384444272634259,0.0758029023700438,0.014426302814864,0.0129469055287736,0.1046359471483578,0.0679117812771948,0.9241059228613756,1.5095489931536883
Malaysia,MYS,10903.1116425938,0.0847918570553513,0.0482781977171133,0.0043384045468906,0.0042470077788772,0.0492653639929406,0.0412809917387806,2.072283908003468,8.477669270524554
Mongolia,MNG,4517.61578018785,0.0348999958184907,0.0214852091131784,0.0067390026759042,0.0063320090734622,0.0604546431830172,0.0479066865610766,4.846012736581654,37.43350190633354
Montenegro,MNE,9465.96153027794,0.077218187294348,0.0432408932539246,0.0072505794020939,0.0066146629717534,0.0579969114452457,0.0322214251734341,4.871456130358705,21.161029773778097
New Zealand,NZL,49624.1816729553,0.13781242745292,0.0777443358581538,0.0234930437417208,0.0193947666625339,0.0712007567669757,0.0459009598165355,7.502015409665572,21.61105684147224
North Macedonia,MKD,7620.80296977508,0.0796421252811659,0.0440361961339674,0.0073251376332728,0.0066755251916147,0.054657682570701,0.0302256799836979,2.9400530564113936,8.405607346762668
Northern Mariana Islands,MNP,19455.50139424,0.0690795798357104,0.0425006669571958,0.0036317564877131,0.0035436654687726,0.0439866949978757,0.0413731123123652,6.588670051089404,34.22257669008295
People's Democratic Republic of Algeria,DZA,4160.55926736925,0.0910149968948526,0.0513748777699776,0.0112382368434718,0.0099891249045148,0.0771114561856017,0.049671048463444,2.954385379638751,5.392921443971193
People's Republic of Bangladesh,BGD,2482.84917843357,0.0549115434681077,0.0417061405845076,0.0044344243554294,0.0050792357234903,0.0830115429237038,0.0483315832811805,3.187052160852131,6.924084309897027
People's Republic of China,CHN,12617.5051041181,0.0499904324086692,0.0300887456352552,0.002573068576355,0.0023714153170635,0.0410636004351089,0.0254056574139112,4.274235169414819,7.148371646934742
Plurinational State of Bolivia,BOL,3384.84486479247,0.1300609312339444,0.0753380496538644,0.013059941839685,0.0116436592202977,0.0707921666746521,0.0389818721780009,4.701765268240024,9.08197364040528
Portuguese Republic,PRT,24711.4510062111,0.1514006486488451,0.0849818806906171,0.0128801927941702,0.0106378191758276,0.1044428632064595,0.0523511756064616,3.5794952856255544,11.433771055242952
Principality of Andorra,AND,42425.6996756291,0.1032328819149187,0.0591654501508801,0.0131779321251913,0.0099686829690108,0.0788249965817698,0.0493460227340323,2.820363977128262,11.597664087998869
Principality of Monaco,MCO,223823.363960226,0.1050296124344471,0.0604395269140626,0.0130774201126823,0.0100269364850684,0.0889516929017053,0.0546747914107087,8.93055545014967,23.759837602600893
Puerto Rico,PRI,32619.250416757,0.084915261643787,0.0481974635776317,0.0134096986951935,0.0116179126067049,0.0472811119459927,0.0329831602367404,1.768666506674342,11.411216603784084
Republic of Albania,ALB,6413.28328605026,0.0752612859898408,0.0422885287933244,0.0071988973041697,0.0065548550392044,0.0511978298107966,0.0260898645085841,2.2890091962209023,4.868669798314439
Republic of Angola,AGO,1925.87466082167,0.0616346674989047,0.0467633005224037,0.0068651197761481,0.0066397781986698,0.0979410980334249,0.0702592620164826,3.2706630715844653,13.948339114540248
Republic of Armenia,ARM,4685.17997128509,0.0534033565451166,0.0325604527735252,0.007055272479152,0.0065276111708799,0.053083730896592,0.0388772435875185,1.3395035794183678,8.508658936201126
Republic of Austria,AUT,53648.7190742245,0.1121730546831802,0.0621850901229917,0.0131420863137877,0.0100031854372111,0.0643527934690835,0.0367676337571899,4.568992458820363,17.151144078217126
Republic of Azerbaijan,AZE,5408.04535175023,0.0459061401202285,0.0281602188879749,0.006886164515431,0.0064357277429098,0.0507693281272158,0.032319015645941,0.9861563558758998,4.727074913234669
Republic of Belarus,BLR,7489.71894713888,0.078936552814299,0.0495976243967077,0.0069701935083512,0.0065402516250617,0.0830153661611725,0.0556045732901463,6.354630758590509,36.63505032429765
Republic of Benin,BEN,1318.83497843483,0.0476478266504055,0.037395521255867,0.0063819380645266,0.0062185095402374,0.0631068838011056,0.0422028060211395,2.649963396434601,10.20452033937549
Republic of Botswana,BWA,7808.20623956293,0.068561039903842,0.0519209848970112,0.007011635045831,0.0069159224707703,0.0769561648395784,0.055436413659512,4.554716539574711,20.100372875592324
Republic of Bulgaria,BGR,12274.0775950496,0.0815396507693334,0.0449890486535095,0.0062447460240161,0.0057290480610403,0.0582673924008567,0.0322553821249254,4.997386255322122,15.825503505433394
Republic of Burundi,BDI,214.091455416133,0.0664869820962716,0.0470929225723134,0.0076537072989999,0.0074006468364857,0.0714119273826961,0.0491935510498614,3.9581152188131616,12.28529837749443
Republic of Cabo Verde,CPV,3971.4440744985,0.050268349680269,0.0409216746578148,0.0066576164332062,0.0065450641725313,0.0752014773106653,0.0644138528046066,3.144166363322371,24.33904669301173
Republic of Cameroon,CMR,1672.32657340872,0.0475679301299609,0.037832041902557,0.0063734535636202,0.0062257708509322,0.0656463875058828,0.0435489018573733,3.2579244494477164,14.127290902593291
Republic of Chad,TCD,660.747192555507,0.0471066105253255,0.0366748925813061,0.0062603468110174,0.0061089952392041,0.0705076656269695,0.0453640886269412,3.65653673831888,10.182938614018134
Republic of Chile,CHL,16216.5706467899,0.1311332747421993,0.0454532102728942,0.0110779439850594,0.0086561159513013,0.0883616582924986,0.0457991886888437,4.520301287817713,20.54328154967479
Republic of Colombia,COL,6222.62164397614,0.0895090625537712,0.0569308429332247,0.011680598363687,0.0100030863530113,0.032562882783146,0.0297114178320697,3.535593398324873,13.587520638220736
Republic of Costa Rica,CRI,12838.1185358931,0.0839217389064745,0.0481938501494435,0.0129563113287072,0.0112726670978539,0.0597588541568756,0.039804861673711,3.8614756302832176,20.97616837065609
Republic of Croatia,HRV,17789.9304736722,0.0700722474331398,0.0389384994192681,0.0073783027743354,0.0066921543973443,0.0536704442668285,0.034214891784981,3.957647772396568,14.718991934226192
Republic of Cyprus,CYP,33734.29296875,0.1080965037531368,0.0618309978146056,0.0132004339006878,0.009931570012557,0.0659537852741775,0.0358222809861967,1.1975115037787631,6.046715983481656
Republic of CÃ´te d'Ivoire,CIV,2455.98127641148,0.0465169621671917,0.0373567280560878,0.0064318945770193,0.0063073165773,0.0560071395109227,0.0368432704314772,2.612077248568088,12.792899326512282
Republic of Djibouti,DJI,3019.69343880209,0.0612076268159957,0.0442182515188727,0.0079195008083992,0.0076364911876525,0.0706809366987171,0.0481460011893159,2.7205081888955203,7.328191399938428
Republic of Ecuador,ECU,6075.8026572556,0.1112433783015685,0.0646384275381746,0.0131381504786477,0.01160207758448,0.063917063943228,0.0389133752672511,4.994338665880979,17.825464047958466
Republic of El Salvador,SLV,4642.60743101342,0.0842440800064158,0.04893838756976,0.0126551609585914,0.0110582761793587,0.064913916769682,0.0376017352906642,5.411798750273342,18.858998702691466
Republic of Equatorial Guinea,GNQ,6945.63069794539,0.0585222923873895,0.0450198265626216,0.0069389784060371,0.0066718028612933,0.0963177672303223,0.0685979552058082,2.9497840183285606,12.731386939958254
Republic of Estonia,EST,27953.7670230126,0.0702560267185129,0.0445857119021709,0.0070245239320661,0.006566440312207,0.0701346306169084,0.0464869991595549,3.308128306943637,21.780592917137835
Republic of Fiji,FJI,4696.17101880318,0.0671397488554921,0.0408697807905354,0.003542953707554,0.0034862443111741,0.0464919393898797,0.0374606693528987,7.766061034187166,17.984017191463362
Republic of Finland,FIN,53099.1351400148,0.0713682944154848,0.0487403686671882,0.0130985557453477,0.0101230055285505,0.092390105832507,0.0593461813187061,6.904845354785506,23.13134408163112
Republic of Ghana,GHA,2445.50081810782,0.0462889859321122,0.0371177689620148,0.0064709824811875,0.0063083497032655,0.0649254195798764,0.0436165318818002,2.286660659152751,10.205677177479616
Republic of Guatemala,GTM,4913.94712869347,0.0841762183038178,0.0483676400162581,0.012470213146277,0.0109086431844585,0.0661415344949498,0.0368668701675862,3.873898610032717,12.420870208470223
Republic of Guinea,GIN,1244.96550477914,0.0507097509210789,0.0398151297851331,0.0063804754980726,0.006163915015076,0.0661854637822113,0.0394862402767424,3.635707512467049,8.230707906961308
Republic of Guinea-Bissau,GNB,900.407780831491,0.0477640773514844,0.0381032347843627,0.0063796875802424,0.0062237933550795,0.067764503947385,0.0402000095174007,5.328730646178169,17.318885058801666
Republic of Guyana,GUY,9860.87233445443,0.0939036378015159,0.0530484188855069,0.0129584703785644,0.0114292224629767,0.1001584480022179,0.0628159989765267,13.095780608075884,69.90529882291709
Republic of Haiti,HTI,1835.44394078496,0.0864459091240098,0.0486854699140075,0.0128299858226667,0.0113689268517182,0.0653812590562883,0.0362031080712608,5.839723338823834,12.778995958007876
Republic of Honduras,HND,2735.14751503977,0.088710997008966,0.051265221048572,0.0125364295634684,0.0110075763994504,0.0572125315146656,0.0326528638420034,2.030688066994854,7.218245098174096
Republic of Iceland,ISL,69325.9078287926,0.0908755145084382,0.0525897541073176,0.0127402094053632,0.0096986161603635,0.0583095807997188,0.0353862447816849,4.22335873311195,22.95612775929228
Republic of India,IND,2239.61384367482,0.0563871232675742,0.0367321878609036,0.0038949152530181,0.0047223909580328,0.0605497045207448,0.044618123006479,14.859478772499196,20.23072047648221
Republic of Indonesia,IDN,4287.17313989405,0.0692738503667498,0.0398311658270283,0.0043571819010957,0.0042467294427354,0.0425606796113692,0.0299242247871579,0.9863012892435704,2.43565760479994
Republic of Iraq,IRQ,4868.49431080783,0.1048263931689772,0.0510512157825486,0.0104223637923449,0.0089938865095233,0.0720408682599562,0.0481402808426024,3.220163276075324,8.613449414137127
Republic of Italy,ITA,36852.5425414951,0.1114011947843031,0.057842519306328,0.0136825445843257,0.0090532792233517,0.0819116842894722,0.044888763098238,2.076296856328058,7.936082861975851
Republic of Kazakhstan,KAZ,9983.60103576902,0.0382613060929956,0.0237543495941375,0.0067823564980852,0.0063823581197224,0.0574834038038698,0.0429368515912125,7.679720147244077,41.0509997011384
Republic of Kenya,KEN,2061.35622089594,0.062687261976773,0.0447673863742366,0.0076874420652289,0.0074093369257561,0.0675603979867737,0.0496451900291658,2.7286402002180687,10.08362925573014
Republic of Kiribati,KIR,2253.82500103057,0.0648110202581314,0.0393205959778641,0.0034797315868008,0.0033816040017935,0.0417946758826301,0.0379147783109778,7.891140490975061,51.43726377601263
Republic of Korea,KOR,35125.5224984723,0.0613095795016368,0.0298765669858364,0.00661195304219,0.0058139106937716,0.0403675412916447,0.027453684638977,14.263852462443747,28.302684473659944
Republic of Latvia,LVA,20262.8433862451,0.0798916520382217,0.05013668046139,0.0069440498867943,0.0064854901347857,0.0727574879192822,0.0527352862473656,3.8985589026336713,32.15059069310345
Republic of Liberia,LBR,667.96610514319,0.0486349015118054,0.0384162189832487,0.0064158239594083,0.0062386391176306,0.075999017763365,0.0336422230655294,4.218737265643967,11.49737030246855
Republic of Lithuania,LTU,23934.728489916,0.0912880895514799,0.0556912192748409,0.0069747268766309,0.0064824029761513,0.0824885335438493,0.0596438394804138,4.89308038809667,47.86524537056096
Republic of Madagascar,MDG,490.206238571448,0.0676868307005433,0.0482289681692797,0.0077002066031282,0.0074079010931213,0.0704678734655897,0.0497303842542271,4.298744462390757,10.489073272303306
Republic of Malawi,MWI,617.447520802454,0.0686300238477228,0.0487931215939668,0.0076125462619528,0.0073320008277327,0.0629495807666725,0.0427688170961635,3.205792291180749,16.584778152144224
Republic of Maldives,MDV,10176.143882547,0.0665316925373704,0.0380158416448887,0.0043737421539934,0.0044180787601995,0.0511621360935447,0.03654348212575,0.5104719880599902,3.792016895488099
Republic of Mali,MLI,862.467400106111,0.0444371872073314,0.0348723459317572,0.0063429292904948,0.0061337912687277,0.0519311987048374,0.0323274154858494,3.743024385332144,6.321450311478236
Republic of Malta,MLT,38027.3801730893,0.1057082485710255,0.059932811792046,0.0131691238846661,0.01001409671075,0.0650262619281979,0.036622370133323,1.4795399791513248,7.600936728436517
Republic of Mauritius,MUS,9068.97300226707,0.0688568747817314,0.0389263359476152,0.0043734565682973,0.0042178874835898,0.0731916858494477,0.0461780467809734,4.571568976378932,21.0103003033928
Republic of Moldova,MDA,5274.60582195352,0.0750297525952017,0.0473241644325589,0.0070033344687665,0.0065563101673815,0.0604633839344177,0.0416714516959297,3.2937829044703864,25.34765036319432
Republic of Mozambique,MOZ,509.907829475551,0.0701509650728434,0.0495836858184928,0.0076234903514158,0.0072802871042527,0.0729750648457279,0.0541127286656954,3.62906038073826,20.700347903930577
Republic of Namibia,NAM,4412.8355693052,0.0725964843593484,0.0547317394551912,0.0069794332163673,0.0068456091365473,0.0664443403523418,0.0513781773560323,4.331062089404689,26.88329744567877
Republic of Nauru,NRU,14989.6647450751,0.0646351353663923,0.0395455916226777,0.0034593596440471,0.0033945954748308,0.0472828805685845,0.0387172128323243,18.680107324481565,58.88041630793925
Republic of Nicaragua,NIC,2128.60980633198,0.0849827839883425,0.0486927428923548,0.0127997954465189,0.0110712398725983,0.0600646948205749,0.0371369510723635,3.7465004874113546,12.244161685955612
Republic of Palau,PLW,13257.2066721026,0.0629458959573956,0.0383961956442886,0.00364318817063,0.0035749633289096,0.0502720652630271,0.0410852314791533,19.711276092488013,25.21586852776052
Republic of Panama,PAN,15509.8069109784,0.0781774598820465,0.0449010882266951,0.0127632611809368,0.0111290463200165,0.0542894733265568,0.0346401228151775,2.506712709054092,10.93250326054298
Republic of Paraguay,PRY,5976.9317978996,0.1484086149784445,0.0751286042970284,0.0162882720806021,0.0143015249346293,0.0725726100422853,0.0318513973526701,3.750391049553931,10.510578219949744
Republic of Peru,PER,6826.9720069846,0.1246922221281834,0.0717828221731682,0.013107083537419,0.0116022573995003,0.0437219067009379,0.0258816688774824,1.9388522458963755,5.509649890135139
Republic of Poland,POL,18635.5104895754,0.0662457034850686,0.0374281783384423,0.0074809201326368,0.006755772788482,0.0404223129485775,0.0348223106079665,3.5692412349890605,29.894290331974503
Republic of Rwanda,RWA,828.833032800998,0.0659456406866038,0.0472226341997569,0.0077347825411076,0.0074718207038058,0.0816756951233811,0.0457093731857213,3.3778913305852822,11.54414917201755
Republic of San Marino,SMR,54168.9828262684,0.1067863165633228,0.0616053103197063,0.0131925219789018,0.0100989813395324,0.0900623953499408,0.0554954855883202,2.584170540128066,11.078021452919046
Republic of Senegal,SEN,1598.10676952274,0.0498441978130549,0.0397100255726601,0.0064505440689411,0.006214285274756,0.0597232960127172,0.04169658121683,2.902969125188988,11.824332048112293
Republic of Serbia,SRB,9680.52798074468,0.0680612858295259,0.0380998920328604,0.0072845298884593,0.0066414451936144,0.052765059447398,0.0313411925349477,4.34325626794549,15.968415216896794
Republic of Seychelles,SYC,14982.9111487767,0.0721231168314956,0.0409860006804213,0.0043717045903938,0.0042670963503108,0.0441857852909996,0.0371526999154223,1.4231726235702604,10.95290499037092
Republic of Sierra Leone,SLE,885.184270659578,0.0473637035026455,0.0376690770967521,0.0063884771964659,0.0062274385092715,0.062419168341933,0.0375269593326173,3.4824763948128497,7.774964132878163
Republic of Singapore,SGP,79601.4129622433,0.0506713013913847,0.028638951376178,0.009806117159336,0.0079766526060436,0.0350005544054205,0.0272374654248946,4.418157925805463,9.59022907212589
Republic of Slovenia,SVN,29187.369382785,0.0661130688444772,0.036599163557005,0.0074360740954329,0.0067302898715305,0.0602909689494282,0.0333676883180453,3.2691260594011946,17.127879817671435
Republic of South Africa,ZAF,6843.39941886204,0.0757147075121603,0.0518493449861675,0.0070853291640843,0.007012280688358,0.0826479362396229,0.0557791052987751,6.481765772435334,36.13567849323917
Republic of Sudan,SDN,712.122009277344,0.098175549199006,0.0557556136460207,0.0112401278714824,0.0097443416142665,0.0756167975610176,0.0607447233483128,5.189268723328159,8.95201813438454
Republic of Suriname,SUR,5029.84838543953,0.0934643287051091,0.0530283834348914,0.0129663587710686,0.0114971805441575,0.0969976629164771,0.062003294930976,12.45718599180276,44.14590055315696
Republic of Tajikistan,TJK,896.748053372182,0.043832320403898,0.0268910279227478,0.0066919440601572,0.0062968578739532,0.0494284900077728,0.0317475580545578,2.440875310092145,7.228896075046438
Republic of Trinidad and Tobago,TTO,17912.5106245714,0.091390221799902,0.0515625237954363,0.0130994524763984,0.0115701389671943,0.0768941349183777,0.0538186696559501,4.991451619364483,25.799929129084493
Republic of Tunisia,TUN,3885.28166485296,0.1130666664872694,0.0637511202493165,0.0114287387477598,0.0100126396905052,0.1032843825247595,0.0760871966071529,2.3265927772006743,6.011920175911173
Republic of Uganda,UGA,882.791717542504,0.0651786929367773,0.0512738389826313,0.0076346655857243,0.0072721111122799,0.0944099712410818,0.0714144464114373,2.1663841203045857,12.229871494394317
Republic of Uzbekistan,UZB,2258.51964119278,0.0364920114227315,0.022748150346316,0.0067024496687884,0.0063516865054827,0.0513641592907638,0.0376029605390821,8.401924031400242,17.49632621270959
Republic of Vanuatu,VUT,3107.20312858002,0.0650157951152017,0.0395383502218218,0.003482310225073,0.0033778710083362,0.0440996479821316,0.0369706717132677,11.934748583195868,43.57722542246479
Republic of Zambia,ZMB,1127.16077872857,0.0715497684625276,0.0505301980083013,0.0076448000025621,0.0073495503574371,0.0627917192826332,0.0474859253445189,3.4705617345600257,16.69643028863375
Republic of Zimbabwe,ZWE,1724.38773104902,0.0557840377037734,0.047595640424127,0.0068643968741211,0.0067724577665739,0.0512857538447283,0.0368802220653836,13.535067391258824,40.84174828051131
Republic of the Congo,COG,2516.16255145432,0.0596046692629938,0.0454417540577683,0.0069289203321607,0.0067528954469319,0.0973640530250269,0.0678330686762676,4.661669350468279,15.383647273934107
Republic of the Union of Myanmar,MMR,1242.72134419599,0.0739735955343934,0.0420714551238196,0.0042353421823628,0.0040893450916979,0.0355518997283011,0.029640111784846,1.5081928226055832,7.8413134419969905
Romania,ROU,14986.7854904274,0.0695760619968407,0.0382665922543867,0.0093370856891837,0.0082685947517565,0.0526368986089092,0.0329519387954278,2.684094448210034,16.18358376006154
Russian Federation,RUS,12521.5224609375,0.0680476443398287,0.0430603281379837,0.0069193278244292,0.0065284402005984,0.0603432656413448,0.0481991884874593,8.272215257692961,50.323146252495846
Saint Kitts and Nevis,KNA,18361.1449697886,0.084174668587623,0.0480803446417307,0.0131247782468434,0.0115967684668049,0.0712187037110245,0.04203508930865,0.5882311788007638,4.096576919633592
Saint Lucia,LCA,10459.1321248092,0.0921032625375966,0.0522496815474566,0.0132436819958022,0.0116552002680549,0.0629487343942088,0.0424680005304693,1.1753487291106397,12.578801913054306
Saint Vincent and the Grenadines,VCT,8481.30537359541,0.0872445869633163,0.0497544978668844,0.0130230458558533,0.0115251477613436,0.0594797704753844,0.0426071599230538,1.1264709737137808,11.199533677159309
Slovak Republic,SVK,22138.1949833348,0.0724204881534816,0.0399951705386202,0.007399131140455,0.0067080726050667,0.0562242574166447,0.0315024540392047,2.862320818262464,19.46918392013492
Socialist Republic of Viet Nam,VNM,3704.1935590038,0.0431891198029887,0.0226898054198093,0.0044122459020495,0.0042338622357374,0.042752558313205,0.0265371734103702,4.4900680274687685,11.64964843837372
Solomon Islands,SLB,1996.86976779348,0.0648692961146898,0.0395488089454681,0.0034395814417714,0.0033388337572822,0.0445565143895507,0.0364714466643786,14.276851368193237,47.64769803422206
State of Israel,ISR,52255.6159050999,0.0672911593697176,0.042703204247861,0.0151508590960305,0.0118108138410757,0.0835320107404077,0.0510361493301906,1.844715639664783,8.751046504340762
State of Kuwait,KWT,34043.542153557,0.0835155963092029,0.0468584857494992,0.0118655654875617,0.0102848727826938,0.0729092546156909,0.0500831435778759,0.93697701430534,3.6849993405248793
State of Libya,LBY,4935.82787349801,0.1029844886818853,0.0576962886971097,0.0112836215900995,0.0098575952865539,0.0810627360456394,0.0572460192517947,4.531221649301512,10.187922818928188
State of Qatar,QAT,71751.8831234838,0.0889706957056262,0.0484652586845324,0.011530277960229,0.0102640319512696,0.0805333665067611,0.0581390994426541,1.0277088310255738,5.822068706180005
Sultanate of Oman,OMN,19403.4600160211,0.0994654710598313,0.0536471450065428,0.0100721882377902,0.0090742927909426,0.0795426663241608,0.0552930816427383,0.4884962421032835,1.8457623317289564
Syrian Arab Republic,SYR,663.614245706815,0.1050652700424481,0.0609230150359631,0.0112321763565706,0.0095594184497417,0.0765015668133046,0.0511659297526352,0.533622984431098,1.8947901779370564
Togolese Republic,TGO,939.613373786407,0.048700190263332,0.0390817433852598,0.0064682520669368,0.0062630356705491,0.0641752450088242,0.0423387981916305,3.458584481558096,14.260670858736605
Turkmenistan,TKM,7051.20211079213,0.0420318412058594,0.0258826188661965,0.00666877238342,0.0063391805343526,0.050926004252895,0.0362695932897316,6.122646304500999,20.4473224831291
Tuvalu,TUV,5905.08198095343,0.0646337109441024,0.0395406936566212,0.0034842689842055,0.0034388967801663,0.0471061649275288,0.0389234822419587,12.526693456630914,37.53568157098751
Ukraine,UKR,4775.94580078125,0.0619858198555518,0.0399818387026913,0.0070679806717533,0.0065792837553293,0.076129365279179,0.0532375331475152,6.446274040491235,47.72153629102035
Union of the Comoros,COM,1584.12450153608,0.0652176719894073,0.0468690517635882,0.0079129299995296,0.0076000098418507,0.0663165201370466,0.0448534197567512,4.03989655257035,6.867209087204354
United Arab Emirates,ARE,43360.0211014806,0.0884682771469778,0.0502300249799793,0.0112686021819499,0.01003322298334,0.078253557057554,0.0572158201370476,1.6479614235277336,3.162481054058038
United Kingdom of Great Britain and Northern Ireland,GBR,46896.8662432834,0.085058614518746,0.0538835676989313,0.0152622579890615,0.0113529208567468,0.0858297602536636,0.063649507494318,4.5626371127981,16.68655957423537
United Mexican States,MEX,10314.0506741437,0.0787118147536655,0.0417840848800522,0.0141204610169821,0.0123718764747048,0.0781670277676545,0.0388219712125195,3.5043399027326743,16.657713497540648
United Republic of Tanzania,TZA,1159.85656738281,0.065892768225366,0.0469146667146733,0.0077116888919965,0.0073944599607762,0.0693841338587408,0.0452827263537072,2.5076589405737124,9.948079027159846
United States Virgin Islands,VIR,42571.0777368471,0.0880045199715201,0.0502426693296283,0.0133665564992652,0.0115248289422008,0.0592280544049459,0.038092560688167,1.6538350301798534,18.03060218379064
United States of America,USA,71318.3073592183,0.1258403310885633,0.0722334433684247,0.0090286156420056,0.0089280032829143,0.1069509212456703,0.0618438601135768,7.676738199450363,26.877605410549897
